{"Arquitectura 1": {"Score": 35.97036361694336, "Tiempo Scaneo": 12496.204443454742, "Mape Train": 2.090536572559958, "Mape Test": 0.33286573082376814, "convLSTM2d_filters_layer_1": 8, "convLSTM2d_kernel_layer_1": 5, "conv2d_padding_layer_1": "same", "convLSTM2d_filters_layer_3": 8, "convLSTM2d_kernel_layer_3": 3, "conv2d_padding_layer_3": "valid", "convLSTM2d_filters_layer_5": 8, "convLSTM2d_kernel_layer_5": 5, "conv2d_padding_layer_5": "valid", "pool2d_size_layer_6": 3, "dense_units_layer_8": 48, "dense_layer_activation": "sigmoid", "learning_rate": 0.0057358015750987625}, "Arquitectura 2": {"Score": 36.516178131103516, "Tiempo Scaneo": 9744.568314790726, "Mape Train": 0.6452693665052478, "Mape Test": 0.3381757872734552, "convLSTM2d_filters_layer_1": 8, "convLSTM2d_kernel_layer_1": 7, "conv2d_padding_layer_1": "valid", "pool2d_size_layer_2": 3, "convLSTM2d_filters_layer_3": 8, "convLSTM2d_kernel_layer_3": 7, "conv2d_padding_layer_3": "valid", "pool2d_size_layer_4": 5, "dense_units_layer_6": 24, "dense_layer_6_activation": "relu", "learning_rate": 0.0012180464993437974}, "Arquitectura 3": {"Score": 39.9363899230957, "Tiempo Scaneo": 6486.245057582855, "Mape Train": 0.5906516975314957, "Mape Test": 0.37105775483977144, "convLSTM2d_filters_layer_1": 8, "convLSTM2d_kernel_layer_1": 5, "conv2d_padding_layer_1": "valid", "pool2d_size_layer_2": 5, "dense_units_layer_4": 96, "dense_layer_4_activation": "relu", "learning_rate": 0.0008802728712752222}, "Arquitectura 4": {"Score": 36.502540588378906, "Tiempo Scaneo": 10800.107825279236, "Mape Train": 0.6797565962391944, "Mape Test": 0.3380913992039091, "convLSTM2d_filters_layer_1": 8, "convLSTM2d_kernel_layer_1": 5, "conv2d_padding_layer_1": "same", "convLSTM2d_filters_layer_3": 8, "convLSTM2d_kernel_layer_3": 3, "conv2d_padding_layer_3": "same", "convLSTM2d_filters_layer_5": 8, "convLSTM2d_kernel_layer_5": 5, "conv2d_padding_layer_5": "valid", "pool2d_size_layer_6": 3, "learning_rate": 0.0024833141521926165}, "Arquitectura 5": {"Score": 34.75155258178711, "Tiempo Scaneo": 7875.716263532639, "Mape Train": 0.8010157991952083, "Mape Test": 0.3207761950253796, "convLSTM2d_filters_layer_1": 8, "convLSTM2d_kernel_layer_1": 7, "conv2d_padding_layer_1": "valid", "pool2d_size_layer_2": 5, "convLSTM2d_filters_layer_3": 8, "convLSTM2d_kernel_layer_3": 3, "conv2d_padding_layer_3": "same", "pool2d_size_layer_4": 3, "learning_rate": 0.008464442571538682}, "Arquitectura 6": {"Score": 36.770572662353516, "Tiempo Scaneo": 7607.600725412369, "Mape Train": 0.6503952759232818, "Mape Test": 0.3407172473488282, "convLSTM2d_filters_layer_1": 8, "convLSTM2d_kernel_layer_1": 7, "conv2d_padding_layer_1": "same", "pool2d_size_layer_2": 5, "learning_rate": 0.00032502082475009935}, "Arquitectura 7": {"Score": 53.82461166381836, "Tiempo Scaneo": 1752.9782643318176, "Mape Train": 1.2593679877301918, "Mape Test": 0.503446513386109, "conv2d_filters_layer_1": 8, "conv2d_kernel_layer_1": 3, "conv2d_padding_layer_1": "same", "conv2d_filters_layer_3": 8, "conv2d_kernel_layer_3": 5, "conv2d_padding_layer_3": "same", "conv2d_filters_layer_5": 8, "conv2d_kernel_layer_5": 3, "conv2d_padding_layer_5": "valid", "pool_kernel_layer_6": 3, "lstm_units_layer_7": 64, "kernel_regularizer_layer_7": 0.09, "dropout_regularizer_layer_7": 0.54, "dense_units_layer_8": 72, "dense_layer_8_activation": "sigmoid", "learning_rate": 0.007913979537147965}, "Arquitectura 8": {"Score": 33.84981155395508, "Tiempo Scaneo": 1553.110607624054, "Mape Train": 3.2068420244753226, "Mape Test": 0.30479395803460774, "conv2d_filters_layer_1": 8, "conv2d_kernel_layer_1": 3, "conv2d_padding_layer_1": "valid", "pool_kernel_layer_2": 5, "conv2d_filters_layer_3": 8, "conv2d_kernel_layer_3": 5, "conv2d_padding_layer_3": "valid", "pool_kernel_layer_4": 3, "lstm_units_layer_6": 64, "kernel_regularizer_layer_6": 0.105, "dropout_regularizer_layer_6": 0.27, "dense_units_layer_7": 96, "dense_layer_7_activation": "sigmoid", "learning_rate": 0.01}, "Arquitectura 9": {"Score": 44.3486213684082, "Tiempo Scaneo": 2371.290080308914, "Mape Train": 0.9601965082322999, "Mape Test": 0.4130083618012623, "conv2d_filters_layer_1": 8, "conv2d_kernel_layer_1": 5, "conv2d_padding_layer_1": "same", "pool_kernel_layer_2": 5, "lstm_units_layer_3": 512, "kernel_regularizer_layer_4": 0.0, "dropout_regularizer_layer_4": 0.18, "dense_units_layer_5": 96, "dense_layer_5_activation": "sigmoid", "learning_rate": 0.01}, "Arquitectura 10": {"Score": 37.841156005859375, "Tiempo Scaneo": 1609.6612331867218, "Mape Train": 0.7989749928577687, "Mape Test": 0.35098210461606943, "conv2d_filters_layer_1": 8, "conv2d_kernel_layer_1": 5, "conv2d_padding_layer_1": "same", "conv2d_filters_layer_3": 8, "conv2d_kernel_layer_3": 3, "conv2d_padding_layer_3": "valid", "conv2d_filters_layer_5": 8, "conv2d_kernel_layer_5": 3, "conv2d_padding_layer_5": "valid", "pool_kernel_layer_6": 3, "lstm_units_layer_7": 512, "kernel_regularizer_layer_7": 0.0, "dropout_regularizer_layer_7": 0.0, "learning_rate": 0.0001}, "Arquitectura 11": {"Score": 61.665199279785156, "Tiempo Scaneo": 1907.996092557907, "Mape Train": 0.9627698419210584, "Mape Test": 0.5778228559586883, "conv2d_filters_layer_1": 8, "conv2d_kernel_layer_1": 7, "conv2d_padding_layer_1": "same", "pool_kernel_layer_2": 5, "conv2d_filters_layer_3": 8, "conv2d_kernel_layer_3": 7, "conv2d_padding_layer_3": "valid", "pool_kernel_layer_4": 5, "lstm_units_layer_6": 384, "kernel_regularizer_layer_6": 0.0975, "dropout_regularizer_layer_6": 0.27, "learning_rate": 0.0004412704801355342}, "Arquitectura 12": {"Score": 57.278263092041016, "Tiempo Scaneo": 2269.7403433322906, "Mape Train": 1.180164539240549, "Mape Test": 0.5356033282588937, "conv2d_filters_layer_1": 8, "conv2d_kernel_layer_1": 3, "conv2d_padding_layer_1": "same", "pool_kernel_layer_2": 5, "lstm_units_layer_3": 512, "kernel_regularizer_layer_4": 0.06, "dropout_regularizer_layer_4": 0.36, "learning_rate": 0.00977060690028708}}